{"cameraMode":{"drawMode":0,"name":"Shaded","section":"Shading Mode"},"sceneLighting":false,"audioPlay":false,"sceneViewState":{"m_AlwaysRefresh":false,"showFog":true,"showSkybox":false,"showFlares":true,"showImageEffects":true,"showParticleSystems":true,"showVisualEffectGraphs":true,"m_FxEnabled":true},"in2DMode":false,"pivot":{"x":-0.7778425216674805,"y":1.0540978908538819,"z":5.160223007202148},"rotation":{"x":0.12887659668922425,"y":-0.8711000084877014,"z":0.3386792540550232,"w":0.33147647976875307},"size":3.2488958835601808,"orthographic":false}