{"cameraMode":{"drawMode":0,"name":"Shaded","section":"Shading Mode"},"sceneLighting":false,"audioPlay":false,"sceneViewState":{"m_AlwaysRefresh":false,"showFog":true,"showSkybox":false,"showFlares":true,"showImageEffects":true,"showParticleSystems":true,"showVisualEffectGraphs":true,"m_FxEnabled":true},"in2DMode":false,"pivot":{"x":-0.9189558029174805,"y":-1.0632438659667969,"z":13.49261474609375},"rotation":{"x":-0.13796301186084748,"y":-0.8322400450706482,"z":0.23869140446186067,"w":-0.48102712631225588},"size":12.124356269836426,"orthographic":false}