{"cameraMode":{"drawMode":0,"name":"Shaded","section":"Shading Mode"},"sceneLighting":true,"audioPlay":false,"sceneViewState":{"m_AlwaysRefresh":false,"showFog":true,"showSkybox":true,"showFlares":true,"showImageEffects":true,"showParticleSystems":true,"showVisualEffectGraphs":true,"m_FxEnabled":true},"in2DMode":false,"pivot":{"x":-1.1219472885131837,"y":2.8237226009368898,"z":2.1194984912872316},"rotation":{"x":0.0485086664557457,"y":-0.5309024453163147,"z":0.03045877069234848,"w":0.8455051779747009},"size":6.8117475509643559,"orthographic":false}