{"cameraMode":{"drawMode":0,"name":"Shaded","section":"Shading Mode"},"sceneLighting":false,"audioPlay":false,"sceneViewState":{"m_AlwaysRefresh":false,"showFog":true,"showSkybox":false,"showFlares":true,"showImageEffects":true,"showParticleSystems":true,"showVisualEffectGraphs":true,"m_FxEnabled":true},"in2DMode":false,"pivot":{"x":-4.7571258544921879,"y":-0.09164679050445557,"z":2.886810779571533},"rotation":{"x":0.11541420966386795,"y":-0.8586414456367493,"z":0.22136074304580689,"w":0.4476803243160248},"size":6.508846282958984,"orthographic":false}