{"cameraMode":{"drawMode":0,"name":"Shaded","section":"Shading Mode"},"sceneLighting":false,"audioPlay":false,"sceneViewState":{"m_AlwaysRefresh":false,"showFog":true,"showSkybox":false,"showFlares":true,"showImageEffects":true,"showParticleSystems":true,"showVisualEffectGraphs":true,"m_FxEnabled":true},"in2DMode":false,"pivot":{"x":0.08155331015586853,"y":1.8666775226593018,"z":-0.07665272802114487},"rotation":{"x":-0.07104760408401489,"y":0.5103199481964111,"z":-0.04235662519931793,"w":-0.8560007214546204},"size":1.0412120819091797,"orthographic":false}