{"cameraMode":{"drawMode":0,"name":"Shaded","section":"Shading Mode"},"sceneLighting":false,"audioPlay":false,"sceneViewState":{"m_AlwaysRefresh":false,"showFog":true,"showSkybox":false,"showFlares":true,"showImageEffects":true,"showParticleSystems":true,"showVisualEffectGraphs":true,"m_FxEnabled":true},"in2DMode":false,"pivot":{"x":0.18499994277954102,"y":0.5889999866485596,"z":0.20499998331069947},"rotation":{"x":-0.004216868430376053,"y":0.9933936595916748,"z":-0.10801643133163452,"w":-0.03877504914999008},"size":2.1801598072052,"orthographic":false}