{"cameraMode":{"drawMode":0,"name":"Shaded","section":"Shading Mode"},"sceneLighting":false,"audioPlay":false,"sceneViewState":{"m_AlwaysRefresh":false,"showFog":true,"showSkybox":false,"showFlares":true,"showImageEffects":true,"showParticleSystems":true,"showVisualEffectGraphs":true,"m_FxEnabled":true},"in2DMode":false,"pivot":{"x":0.0056146979331970219,"y":1.4817155599594117,"z":-0.00231778621673584},"rotation":{"x":0.1348961591720581,"y":-0.6613129377365112,"z":0.12260082364082337,"w":0.7276275753974915},"size":2.023491621017456,"orthographic":false}