{"cameraMode":{"drawMode":0,"name":"Shaded","section":"Shading Mode"},"sceneLighting":false,"audioPlay":false,"sceneViewState":{"m_AlwaysRefresh":false,"showFog":true,"showSkybox":false,"showFlares":true,"showImageEffects":true,"showParticleSystems":true,"showVisualEffectGraphs":true,"m_FxEnabled":true},"in2DMode":false,"pivot":{"x":0.19958996772766114,"y":1.739363670349121,"z":0.6467509269714356},"rotation":{"x":-0.2218058556318283,"y":0.32211175560951235,"z":-0.07790807634592056,"w":-0.9170582294464111},"size":3.302058458328247,"orthographic":false}